x	y
0.612646	140656.617955
0.440257	487006.127741
0.732288	604604.321607
0.519053	71835.690664
0.216792	435322.302142
0.584916	309514.641846
0.473799	301263.289575
0.687784	106285.614691
0.370936	217057.398991
0.322128	362927.083224
0.250936	147967.367757
0.748723	347806.058799
0.406119	185467.753789
0.314878	90985.819861
0.329733	336122.943074
0.376068	141039.649521
0.444682	329385.642881
0.195809	215107.077692
0.398450	289021.384105
0.351872	383079.922979
0.549788	310009.476802
0.716185	126872.712603
0.703458	122204.461596
0.590490	468958.840494
0.389089	364977.146359
0.469378	227033.998123
0.367463	93121.555253
0.619030	246008.170072
0.416680	233647.531535
0.597545	403413.574632
0.410664	86239.979554
0.554310	141058.076134
0.392054	103277.002263
0.821816	334452.421970
0.457046	149725.460903
0.638895	413082.227979
0.427242	234154.274639
0.408122	161754.973405
0.436616	624691.274347
0.345963	263945.158277
0.291687	237869.048231
0.646578	54210.345122
0.771659	373274.530071
0.645236	168411.540176
0.651906	74048.672142
0.531353	365631.526352
0.329766	20255.547031
0.791291	486234.537633
0.406587	296234.995153
0.331092	381277.138435
0.857134	164046.887385
0.528669	269547.833672
0.500162	318880.132834
0.400677	151407.766316
0.274480	147188.574771
0.387065	370065.035012
0.741407	97571.254146
0.447761	51365.351626
0.208301	362121.074291
0.655880	137467.515163
0.241873	125869.597376
0.502788	261435.218249
0.464247	151194.187285
0.602910	439518.215371
0.513539	496276.315613
0.490368	516886.952455
0.311815	82442.781214
0.227399	73183.097618
0.576133	357163.935163
0.702771	201451.965100
0.637583	398493.007750
0.712028	270464.522276
0.595683	189788.481039
0.220030	87503.039004
0.509851	282523.636075
0.506405	241230.843284
0.421410	204504.829450
0.558641	626539.470320
0.531165	256010.459649
0.481404	251028.774438
0.364080	632676.960682
0.746897	88571.892344
0.730065	148335.368913
0.551927	189926.456543
0.671275	415365.901153
0.649475	495823.508522
0.361094	103775.065983
0.735563	152122.242116
0.438385	179437.156146
0.730577	112708.697372
0.252491	607855.463942
0.541964	140047.769905
0.668668	155142.394504
0.525340	353565.772051
0.592960	105038.210960
0.352842	361234.564135
0.594939	54634.533142
0.465182	259946.737050
0.356676	192183.596516
0.411109	348661.295399
0.597372	93518.102884
0.796672	225718.298765
0.328355	276500.063556
0.479354	257853.583869
0.226636	272803.041064
0.788095	259453.546716
0.321054	394498.908693
0.328456	261320.703652
0.777374	119062.806037
0.524319	127178.852813
0.620193	519453.319600
0.399479	496720.175886
0.766108	247836.292423
0.446135	536975.616313
0.425040	384694.072820
0.585325	103680.171206
0.487375	392755.885148
0.663667	341880.218179
0.283884	244193.719834
0.726185	391818.088364
0.370503	235322.335236
0.476559	493017.952124
0.647364	492101.044179
0.588773	323154.398846
0.437229	186401.011194
0.454322	146957.933014
0.360893	213696.022439
0.790592	334713.125728
0.562642	364611.551038
0.609902	161899.972030
0.518945	336121.506952
0.282931	326043.361107
0.441190	276495.972559
0.753479	155365.433241
0.545148	152048.102066
0.351496	320841.703043
0.604988	274448.764624
0.446586	324704.264885
0.439423	177574.349500
0.559260	193341.964451
0.484675	519025.375392
0.593343	232878.518813
0.668851	74820.264614
0.578023	102080.888005
0.513432	82200.006849
0.809430	176697.320736
0.611741	276736.678177
0.301218	174380.588007
0.637738	123286.348040
0.530054	66788.265369
0.401053	447528.997843
0.629088	99672.085251
0.291943	322055.613206
0.738102	24425.925849
0.465938	200557.693211
0.538184	72890.505517
0.407941	247544.535216
0.862097	37825.514506
0.712244	66657.779866
0.416762	291417.694391
0.625248	232027.481799
0.587060	231531.264368
0.765088	622310.055261
0.458699	150341.497959
0.619404	103262.183473
0.449765	151932.039286
0.325810	281660.686543
0.567055	330356.462865
0.537283	391982.474618
0.389158	87822.179738
0.249581	193796.274125
0.563756	213083.528671
0.431136	386674.460358
0.571188	166847.579011
0.645866	267791.289487
0.631133	195875.767824
0.537661	532772.426359
0.459238	256630.880905
0.669579	555863.174456
0.774390	74339.514154
0.608206	328593.527031
0.298594	301993.277540
0.277466	284429.205643
0.655763	247270.176417
0.408628	417163.577304
0.430178	279515.116726
0.668245	71521.936273
0.463671	106927.952870
0.533588	499874.972834
0.821093	126421.764124
0.577314	192397.494683
0.632595	40394.829942
0.644265	494240.621488
0.493347	250347.038380
0.586163	52333.683991
0.435596	422543.252948
0.447058	385840.403475
0.235881	175197.598338
0.510405	392690.777622
0.362758	207863.937474
0.666449	96280.111295
0.641181	200733.685247
0.616328	111675.060857
0.514640	352812.558305
0.704601	490120.192137
0.647366	222613.681732
0.572114	258105.392167
0.553160	46491.313355
0.691652	38371.124785
0.665845	482709.494492
0.430238	114653.731549
0.345381	284574.044380
0.287205	283935.427530
0.736095	227343.177263
0.404210	181584.089730
0.390929	139133.803106
0.514928	383295.569142
0.607158	216716.849367
0.664477	199721.874064
0.618649	72504.868314
0.669903	402921.625239
0.475279	39633.687458
0.383855	330639.284729
0.321982	336713.927439
0.376609	57530.127826
0.650166	170199.879180
0.663668	270997.220203
0.267005	195874.921633
0.639379	181903.684999
0.554173	343969.648495
0.664637	27088.079341
0.360919	459253.746404
0.742254	132887.597482
0.525522	73093.484587
0.597964	193941.534878
0.599726	320526.489094
0.612255	140766.698365
0.329302	170440.227264
0.416996	291737.136803
0.420718	300853.893219
0.241652	479974.661366
0.436068	153904.085034
0.442582	154351.736007
0.436434	147965.626488
0.726924	528625.647590
0.467864	125185.192547
0.601019	206486.044082
0.521614	134101.685279
0.461215	193569.203603
0.664974	313746.341085
0.368414	114861.925925
0.450424	64573.661439
0.393222	494510.176182
0.265697	237471.439275
0.411155	426231.100173
0.573897	68871.528430
0.400320	529892.962242
0.319411	207365.330826
0.739665	131063.686226
0.688791	214477.672873
0.641893	121317.082373
0.572868	220337.232838
0.414351	217056.371431
0.807519	535900.291327
0.635378	127626.294922
0.597833	378696.513650
0.543816	326984.423232
0.505402	182747.447751
0.666959	212344.817168
0.365016	314278.037954
0.768990	51603.847372
0.456815	259660.519409
0.250453	451767.158398
0.716476	50455.071595
0.686245	166649.540630
0.631765	364708.172551
0.523015	205082.663799
0.306276	110422.941709
0.338283	289798.780732
0.555963	86041.073332
0.338854	264410.980221
0.594583	372155.936235
0.547789	185877.015351
0.463744	389907.024079
0.603111	85270.863611
0.756108	169514.376199
0.454124	101619.523721
0.373457	56626.444139
0.552544	247471.160029
0.364804	317871.219011
0.778919	416235.169507
0.632379	232617.264318
0.607038	139577.854896
0.674989	163137.637636
0.366256	380129.648954
0.435862	184460.417574
0.389981	71847.738862
0.528696	350557.957034
0.382000	184659.817953
0.204884	289747.080428
0.635506	201151.697135
0.562470	374759.544973
0.809776	69111.486472
0.577234	270890.663079
0.334414	71193.040661
0.643817	136176.106562
0.516573	329984.565763
0.390294	281729.384490
0.248697	360423.404715
0.466161	252465.220538
0.486382	137637.485135
0.391620	168600.698759
0.351605	63879.597643
0.562537	415451.189911
0.790249	221255.042378
0.517676	151456.535770
0.552954	326323.103804
0.607468	560207.351710
0.360178	332983.601101
0.346739	140121.558943
0.653491	304462.018017
0.880051	270836.657678
0.480439	145098.002577
0.268920	126782.170629
0.275942	58725.691847
0.472554	77251.779857
0.648795	421742.588745
0.542607	172789.145041
0.271465	273084.068128
0.380688	28524.466896
0.304997	145155.897487
0.343293	420262.486878
0.656769	182754.016877
0.393644	306251.331252
0.550772	214159.784538
0.308072	222932.953211
0.601631	144395.890899
0.521873	256525.686008
0.484676	236679.153472
0.391493	185520.460484
0.661383	84079.204871
0.630137	63328.855182
0.327968	203333.661007
0.447206	103282.843324
0.438929	315354.234569
0.415614	207207.591132
0.591614	54383.360581
0.242868	72083.353640
0.691250	161834.065010
0.359052	343128.807902
0.602906	189785.223297
0.395129	392298.666577
0.360374	231195.397385
0.564174	53245.379326
0.385915	292183.026001
0.653308	166190.165733
0.404961	244485.612653
0.729879	47835.315706
0.546216	119504.301019
0.746937	201245.569494
0.554007	266710.371238
0.410354	209749.801731
0.630598	265511.915938
0.643982	262789.678839
0.622100	155279.674658
0.706862	452166.258260
0.663641	450933.102125
0.528923	414783.613667
0.419086	158887.642276
0.290895	184578.859307
0.864690	161857.575294
0.512886	101542.787325
0.793117	61814.515340
0.552940	107522.440337
0.662723	156941.987852
0.368384	533045.920377
0.793712	330792.850047
0.498500	255121.675448
0.696107	482473.697775
0.388174	159974.462030
0.570306	119772.070636
0.412470	102368.157547
0.445016	191925.588764
0.681000	382964.354505
0.671142	235375.462998
0.392308	282358.521452
0.573039	284393.279401
0.608546	482432.793823
0.455376	331883.575063
0.393075	250517.075617
0.772347	356934.464718
0.501700	524767.267881
0.734175	170280.911673
0.754153	227907.690142
0.492324	179874.938652
0.424668	118122.242578
0.555469	19187.931921
0.283211	189720.043717
0.598604	125323.444888
0.533970	127632.791739
0.420853	237628.465223
0.360160	393271.802026
0.258921	165658.524246
0.387631	223704.628502
0.341672	452248.996527
0.457693	294559.347765
0.342547	232139.804807
0.518121	129532.878496
0.775798	426889.502888
0.369736	275077.182168
0.692056	148692.711527
0.598202	134637.874696
0.406657	210283.797642
0.433586	206834.805706
0.672594	158330.355049
0.337546	275300.016307
0.687696	89601.423179
0.367398	349097.466732
0.455227	144858.841201
0.630992	223853.233618
0.854015	102683.338508
0.602410	384458.013338
0.641426	393251.057501
0.463280	304880.173843
0.785045	456847.404612
0.342888	85005.222568
0.673525	463028.238568
0.800718	605470.427105
0.347346	222583.463519
0.250742	531283.068498
0.427453	596833.483448
0.722565	271344.176601
0.397081	279955.843955
0.733576	244739.882587
0.540467	251026.830063
0.579564	244200.353126
0.670373	124536.390955
0.485668	360391.794583
0.611619	41050.514678
0.644182	347219.783263
0.484594	240934.275429
0.514144	29052.366506
0.361503	378239.763175
0.442911	190278.736779
0.589703	144523.348142
0.469447	250876.369518
0.550249	175603.677450
0.251886	69875.222482
0.844620	482068.193785
0.715390	71202.087186
0.561336	67234.156634
0.270199	101054.996133
0.305234	246644.045481
0.338454	175115.645082
0.511346	297566.622575
0.443187	273286.734788
0.803548	416190.045391
0.708820	179295.042240
0.615051	555349.993654
0.487334	184927.598039
0.446027	374472.696993
0.351013	398383.698373
0.349846	146323.586456
0.676981	393356.478855
0.281450	214418.064311
0.253232	378377.841551
0.522196	95664.243233
0.243858	101256.365841
0.651935	326268.340510
0.355992	480703.092422
0.382069	72438.660698
0.384480	112879.238077
0.483757	164567.354825
0.434698	262645.963214
0.305130	155993.246922
0.542850	559772.208355
0.837334	459880.151553
0.492465	376579.350637
0.382026	21551.650936
0.273878	225732.012490
0.448943	318429.358399
0.496646	382416.666630
0.675402	95172.218230
0.355879	172393.024368
0.745720	100781.650900
0.651258	94348.824609
0.642662	101312.858739
0.568412	148925.950917
0.664653	125337.480549
0.738453	130722.379789
0.414743	358201.669917
0.415146	150206.898456
0.415566	192343.746622
0.782125	329703.230443
0.387963	240299.711540
0.306691	328122.994296
0.697238	297691.009188
0.477294	118212.763364
0.593210	219964.537053
0.438507	299258.327579
0.531390	360510.055399
0.666042	466824.910808
0.390575	355183.068391
0.452700	567615.406494
0.439659	349359.966839
0.581168	232541.163426
0.514972	548663.583225
0.685532	98688.230648
0.528436	110065.951276
0.447046	97962.374150
0.664257	85409.757410
0.481835	323493.699960
0.260672	175703.216503
0.784421	309062.253236
0.775584	81011.279903
0.495965	547340.238222
0.829588	231392.905613
0.347449	207895.686475
0.753532	330301.777941
0.616627	250201.504981
0.718506	164889.232196
0.235647	356382.418912
0.662824	48219.237935
0.394882	136365.243796
0.480289	124595.973930
0.502096	394089.761702
0.646469	89155.183031
0.627126	170325.893853
0.438136	288873.472027
0.633735	184024.727908
0.373205	294572.457201
0.740053	479370.475920
0.399521	71406.091589
0.563088	137731.085160
0.798770	212461.504029
0.430349	60096.974062
0.532944	199513.726147
0.569126	263895.740807
0.597961	159778.217752
0.382635	155014.215181
0.641912	231829.589403
0.851651	460267.910142
0.418383	54848.520873
0.554314	117200.621449
0.364934	86322.018309
0.482495	120533.877088
0.669486	199781.451193
0.463098	160483.989386
0.777852	237000.192565
0.732131	151196.699905
0.474842	26994.817077
0.406686	164168.368916
0.742055	168117.569687
0.460218	119299.659274
0.801179	49294.412554
0.444096	394355.390012
0.593037	134713.282404
0.780276	316429.943196
0.459585	143907.351021
0.651094	155010.631466
0.558216	497472.886541
0.320250	150019.766561
0.484406	318642.179388
0.387875	177617.238638
0.392293	59561.230477
0.369079	206517.293102
0.560989	350791.376427
0.718207	232187.338120
0.446319	60833.502504
0.529778	155826.669631
0.445627	242019.403202
0.781552	283538.266100
0.544134	280957.075026
0.637385	317852.809955
0.615153	281513.449335
0.715005	195491.236330
0.552780	76131.305856
0.426682	259043.513969
0.762275	286152.789583
0.514907	134352.168030
0.658821	339652.537886
0.745969	257981.768211
0.459682	111837.864787
0.545352	345291.169250
0.374517	157569.169188
0.271656	241434.950008
0.669226	99622.984513
0.533465	300058.039130
0.581565	182183.301746
0.640818	94129.091591
0.345030	213243.701253
0.661166	320429.590053
0.773700	197034.041366
0.375421	163967.025673
0.613245	55622.365761
0.502445	112240.427918
0.464563	211600.153324
0.464506	296740.045960
0.396740	384112.300505
0.792144	483035.903082
0.404040	368125.304827
0.706707	144017.074017
0.663349	329536.315785
0.443325	302497.912702
0.395139	232176.893800
0.554792	355965.209060
0.650720	191050.636086
0.411156	438070.210606
0.572977	507323.153000
0.787222	94196.538740
0.429764	291939.318974
0.290328	104366.300544
0.622865	100928.738066
0.711108	99563.783094
0.374942	72814.985231
0.549986	374118.123636
0.410985	502528.082625
0.373502	145229.004382
0.307265	72011.146796
0.691440	243984.744450
0.544920	394906.861408
0.687505	275071.698286
0.294093	123889.053304
0.337757	81731.737207
0.607764	140230.561919
0.426996	80308.583385
0.313037	172261.552747
0.400216	126513.382710
0.342468	241354.292385
0.618778	236015.326421
0.470688	85083.936094
0.414480	116821.816736
0.326483	327781.104683
0.457093	74727.607042
0.544176	299810.344319
0.299679	250609.223281
0.846899	91111.756709
0.272186	401680.668532
0.667253	618643.493638
0.499730	382763.071974
0.417915	360413.563279
0.428256	273738.996758
0.344153	219148.717706
0.667826	449577.853247
0.695967	255009.753340
0.826794	401304.846197
0.556564	471732.362283
0.281729	76047.907809
0.267576	196371.938691
0.329732	508412.322671
0.265920	282263.295251
0.556853	349687.341972
0.256365	460220.283655
0.421708	319502.372469
0.423059	115441.232731
0.581294	129883.959316
0.294384	257807.454905
0.306080	422014.084071
0.355432	93559.096933
0.403679	410842.859027
0.487532	131472.337858
0.448217	184578.506054
0.627412	241324.203473
0.557857	270894.335676
0.263000	397262.436704
0.674303	43495.136020
0.402121	89810.737024
0.620769	180629.814849
0.582332	205141.944877
0.545700	175305.974671
0.588387	339996.656974
0.327575	195255.882494
0.606470	158911.519193
0.348783	281423.594419
0.340991	160449.231722
0.341680	242450.480971
0.762229	183115.718790
0.706100	211116.313843
0.450364	198345.077607
0.551620	517502.142028
0.392458	302743.854019
0.565943	247323.490886
0.540853	369133.051695
0.455100	167048.275802
0.265757	41052.367924
0.304996	185203.922670
0.569230	326692.663946
0.337667	227626.442115
0.308710	76536.465118
0.542001	431670.342948
0.525884	122108.997287
0.252405	101076.770483
0.640120	237123.395269
0.362868	97989.830234
0.420176	395681.299907
0.557485	204211.727338
0.702224	149838.429368
0.284190	192146.295693
0.335993	375428.982447
0.769006	336028.093447
0.458532	200489.164882
0.554774	167656.711696
0.652871	388591.979707
0.379064	387309.617054
0.722832	46978.254599
0.516149	208014.776165
0.426727	54201.631873
0.731875	364374.638307
0.213152	101336.200715
0.533876	203535.114219
0.454448	102414.658456
0.438024	169971.981865
0.497847	536453.330099
0.671763	367192.163086
0.639535	89125.707861
0.749739	246852.446152
0.407822	429210.956717
0.312080	93411.180483
0.501869	214467.126557
0.550139	287121.719113
0.478323	277201.008306
0.411661	136867.375146
0.484117	245067.601003
0.353634	172621.997730
0.729595	390892.158651
0.538997	109997.502637
0.704337	190565.540127
0.212709	558201.319008
0.191808	63169.556088
0.679840	162894.769501
0.611476	270853.179216
0.402990	335956.563214
0.537799	182952.264718
0.427696	126847.925271
0.492619	153380.068683
0.691553	123364.541189
0.659447	237728.952503
0.415397	335183.393835
0.407386	61688.808130
0.689623	293172.324100
0.614860	66984.800642
0.335716	200111.959078
0.394492	351126.082061
0.579236	132416.967018
0.609448	478051.990855
0.732610	336306.729038
0.326695	525561.012423
0.890523	335658.900001
0.239388	99724.413171
0.640715	180404.132183
0.533706	214814.434053
0.487035	453446.835881
0.686229	294908.658396
0.674777	461483.516596
0.576294	617455.560582
0.802487	125356.708700
0.627814	237733.663207
0.655577	259383.808400
0.355090	196409.464716
0.423112	294007.164612
0.468265	14879.469265
0.541383	316306.437356
0.396511	76254.204411
0.318684	205485.419037
0.399591	289993.702785
0.591944	136695.556441
0.536567	265537.971859
0.643411	159986.714306
0.662183	159632.773742
0.682401	240812.971240
0.409022	472139.090506
0.382288	231464.119547
0.499802	144571.936814
0.627996	161108.750529
0.515415	109941.858158
0.524120	209270.769430
0.325633	271770.662294
0.461821	316518.235870
0.464099	81536.165612
0.655417	370747.237919
0.485781	124286.253230
0.553369	116461.134415
0.292202	260600.992166
0.610645	272555.694907
0.329697	213562.948430
0.383691	330306.731822
0.299193	74536.699268
0.552827	317332.366594
0.461127	119463.109141
0.607187	217703.548564
0.330148	232929.181787
0.794137	323496.529750
0.567775	289272.954445
0.615538	281140.539209
0.703366	199697.635973
0.499962	197618.288062
0.599410	347294.472845
0.504398	329168.742082
0.317876	65893.023522
0.440579	312640.744007
0.548321	369956.975303
0.502378	158896.302054
0.536321	188086.173754
0.447145	97279.439321
0.289645	261418.907674
0.384953	72104.128108
0.556859	435466.654387
0.447845	211275.364679
0.446077	240242.966972
0.759615	100445.654552
0.376185	84838.620729
0.366676	374117.316011
0.510970	321967.431304
0.279525	180931.035816
0.440359	75021.580064
0.548761	31438.572726
0.648079	156039.742906
0.362109	368771.217246
0.507873	238012.523646
0.316106	579878.001850
0.380576	279927.234048
0.571518	372367.524280
0.470772	70270.768671
0.513551	140546.035662
0.595730	152967.736944
0.430101	130855.661437
0.737819	105526.364784
0.764193	417364.944831
0.531364	305612.229365
0.487421	356730.216077
0.412217	99797.376301
0.579159	336298.594398
0.375838	298791.432088
0.532234	298574.099650
0.432496	249012.120352
0.668558	378135.652410
0.424728	201376.997340
0.267603	107433.031482
0.794553	555383.530304
0.583366	191637.925170
0.658321	190147.098089
0.404092	189129.846811
0.477166	69532.260943
0.717634	498229.913597
0.584412	244657.778640
0.369763	386034.324289
0.357332	466122.748163
0.369873	277354.006696
0.566505	147225.574837
0.602763	226658.808119
0.659666	141386.955764
0.419580	31985.669340
0.509148	369766.473127
0.492605	197588.084316
0.259464	425824.161121
0.728230	370935.114665
0.626053	60674.443423
0.288775	208664.837237
0.766147	126902.476954
0.423151	408069.877399
0.243398	47404.917447
0.669019	130627.820828
0.590014	269018.288073
0.608015	91555.672048
0.369893	93279.659381
0.378777	222029.203165
0.323627	140936.698029
0.411171	233907.113612
0.672396	381116.861573
0.291113	153988.084176
0.307801	80085.606526
0.551204	274334.491386
0.680717	529044.197785
0.621435	279200.184868
0.595353	148052.661954
0.506623	266354.352829
0.246104	65441.265140
0.527074	230410.078520
0.614507	160887.768734
0.637789	106956.625524
0.448920	460929.066612
0.639794	121446.840131
0.377548	377396.485714
0.274656	150354.683959
0.289940	193210.346221
0.645366	300008.220167
0.264612	232485.491624
0.607069	137917.896625
0.325666	348895.253833
0.348388	64788.035982
0.460369	448880.897965
0.361445	89196.636271
0.427241	213761.423408
0.532340	138699.335673
0.734661	332263.726081
0.719549	431896.002069
0.681148	186575.578312
0.449857	149128.711273
0.210892	190108.727005
0.464383	46426.406171
0.395360	96789.999694
0.325892	278892.823589
0.512579	60514.656905
0.560207	184840.769832
0.377511	293175.239271
0.548665	262053.346783
0.349857	257739.895968
0.624167	194566.414869
0.314410	392210.228767
0.532221	174459.692768
0.473400	416830.235599
0.487142	237245.957761
0.579574	303713.853159
0.280619	196877.938615
0.549280	234098.385436
0.657786	242955.267029
0.728502	144302.820580
0.450223	214833.028611
0.282855	238099.607435
0.292582	294336.080728
0.323180	95330.185748
0.549190	346422.128948
0.713590	372498.427313
0.716877	442575.594607
0.533547	152702.616769
0.339890	145643.658067
0.467958	403489.283509
0.721929	337617.596038
0.430611	43440.545832
0.553332	176243.351914
0.538592	346030.320239
0.570711	248529.081563
0.401243	24616.522816
0.597003	382076.643782
0.387679	251314.333527
0.289013	321702.829082
0.749735	271629.205160
0.557208	70663.846024
0.542842	121250.908134
0.437631	355460.666007
0.288577	105958.174476
0.282444	263270.608702
0.462112	268872.066553
0.472644	369260.126542
0.338916	460594.607303
0.624066	243395.094272
0.382461	35241.325779
0.766693	73738.755116
0.623598	219371.290555
0.667101	139970.188842
0.522734	178210.717376
0.490194	389902.690977
0.500551	179042.287529
0.366185	175221.860941
0.535381	406735.970544
0.550732	587756.414351
0.673791	83120.276021
0.573270	268764.735363
0.435646	74478.972448
0.695830	130416.811905
0.494403	50043.299248
0.343692	171419.256926
0.593812	135524.600290
0.525705	337522.153152
0.419998	143534.151788
0.527757	64669.023798
0.336160	177444.904744
0.728790	217841.072200
0.273097	281290.740132
0.531931	235814.625626
0.561584	454638.912817
0.396006	280844.983164
0.334028	106877.720694
0.378512	308024.113110
0.580635	217627.340149
0.817627	327421.709002
0.576592	241114.072332
0.396192	197674.928663
0.429926	241152.250002
0.609690	169481.467443
0.637560	383519.147563
0.239346	56302.981495
0.639166	224048.001010
0.229064	345456.838180
0.577200	122515.702504
0.434002	246537.564252
0.498395	352949.334211
0.385112	395761.362494
0.409343	225959.166669
0.360553	265101.202969
0.415756	62617.258227
0.498406	277020.529196
0.433291	216748.923301
0.580831	219826.857687
0.624489	212982.687314
0.424109	43067.694684
0.779480	356974.455384
0.744290	317779.179702
0.457655	330601.627613
0.478438	104490.061250
0.433371	217478.806211
0.747494	99799.207989
0.506714	309356.381438
0.678975	108459.241064
0.629260	369912.393225
0.379939	268950.499027
0.588811	169646.141620
0.514095	291331.872021
0.393763	236093.870103
0.548488	513799.150577
0.642220	319670.821906
0.487088	337521.188256
0.565466	192578.344711
0.763800	345915.398879
0.801467	351855.725057
0.885282	323164.564997
0.456264	197634.385043
0.287955	154713.162327
0.199886	404141.245066
0.866373	32169.389067
0.594673	281537.018523
0.455259	249698.673101
0.732984	155178.955659
0.604044	188657.177243
0.354351	322604.196477
0.633519	337675.122224
0.669609	329341.192930
0.498527	116951.696127
0.581605	257475.573775
0.598654	338788.368127
0.248905	194934.177596
0.540510	422996.467634
0.670481	99133.899869
0.810649	353629.896133
0.435175	227952.434425
0.360113	338835.711259
0.227544	492990.618349
0.417087	160185.500004
0.424660	177075.169453
0.472571	128900.095262
0.620011	81827.990921
0.394390	402611.039074
0.626274	203133.930529
0.372114	237180.152976
0.313690	164599.876280
0.487096	108186.401340
0.721173	300096.563106
0.464937	428516.774460
0.782435	317608.137314
0.392360	438823.357419
0.573780	464315.521754
0.451283	246938.191218
0.249992	60194.473183
0.476539	554474.096142
0.669725	301690.217532
0.476297	213311.333862
0.417485	159815.535768
0.376963	74410.777833
0.681230	63073.097904
0.587778	155396.043422
0.371639	70659.286680
0.462774	107110.409307
0.560915	258947.124782
0.304908	205467.934369
0.494850	131849.651619
0.392678	264457.155384
0.701674	83977.358964
0.440217	164147.728640
0.226827	388438.998379
0.556508	254036.008991
0.678597	218472.960043
0.557722	326016.429501
0.462257	167663.633030
0.764034	448751.857080
0.807730	192130.587777
0.447990	182744.549007
0.704262	202244.747141
0.759944	135725.006224
0.805622	120582.675231
0.327174	369771.305707
0.724765	310246.839777
0.218347	204816.692240
0.295544	43365.139460
0.347955	178978.194723
0.526707	300487.460852
0.548289	229356.437041
0.417497	146556.085391
0.352175	395833.608098
0.282672	169051.029016
0.333211	233927.347539
0.477235	48141.337988
0.231679	28512.651548
0.646281	230739.687299
0.588227	229540.585837
0.454379	188069.076995
0.823160	49721.788939
0.293536	173117.947594
0.815879	153264.587755
0.424276	166746.648870
0.700147	99702.126168
0.498582	454387.810898
0.295346	332576.713649
0.542049	269150.413719
0.446245	265050.709939
0.555727	152147.361621
0.368526	150491.096895
0.546451	416301.531403
0.333307	355243.884319
0.305797	186089.239835
0.356786	223942.181842
0.369284	213300.320969
0.193779	267528.268782
0.455708	180998.669142
0.722921	190568.067842
0.702537	180245.750829
0.467674	137387.067096
0.382887	160640.658385
0.561875	139319.633090
0.673911	117862.466159
0.219165	185729.685223
0.365868	38636.229095
0.825609	250564.514808
0.389557	205294.512271
0.682197	325425.948686
0.351179	233733.792378
0.273554	246016.527253
0.391145	122385.079001
0.383639	352408.951175
0.291052	243680.347687
0.470640	97600.652899
0.845877	134936.919063
0.673129	426636.987541
0.721378	182474.629189
0.781765	325203.752517
0.419448	282673.901178
0.387487	250994.425369
0.229421	71613.983892
0.372933	231263.374166
0.727616	279033.119131
0.621570	344610.147605
0.429752	412309.051661
0.537995	433435.263403
0.469994	65376.111416
0.393091	56763.644433
0.304995	101673.325505
0.634113	437745.354788
0.621259	319293.779427
0.327986	169305.199693
0.276406	229833.409359
0.249575	264870.117680
0.334060	199925.938756
0.652692	252074.337337
0.680357	148823.658816
0.700530	162071.661037
0.462272	261424.476468
0.570044	103097.555465
0.457045	172938.501871
0.793246	530410.387983
0.440307	192377.000299
0.457999	43172.094683
0.612872	177812.445368
0.566263	69262.512444
0.263055	204890.410792
0.526226	470471.361129
0.699589	421693.111844
0.359128	377064.552331
0.281737	158544.867680
0.578585	76419.924576
0.534381	302793.595078
0.548855	433944.620782
0.565807	466409.965236
0.244576	171472.363302
0.557691	406750.150179
0.363375	406389.100419
0.570823	199729.904147
0.738151	95798.114609
0.299510	254224.789156
0.702123	287842.993105
0.532609	246964.734387
0.709956	325766.706654
0.586921	97448.371173
0.268487	416978.084499
0.382212	326527.198014
0.660531	113189.573488
0.494831	133184.858617
0.365676	158120.431099
0.667303	188569.323814
0.383535	143216.731424
0.513939	346784.938002
0.365574	58605.695966
0.589599	76710.007282
0.291339	89184.570818
0.463641	148875.031056
0.724429	144147.461688
0.528788	272926.106114
0.356183	230851.672966
0.316826	198856.424443
0.565751	140288.983100
0.691230	125758.671468
0.367181	249262.808095
0.370795	109417.179797
0.281896	38780.205315
0.287097	417989.652817
0.435352	164809.820436
0.567069	454179.385431
0.747288	133690.240201
0.473600	285848.261911
0.419324	383929.492311
0.654103	62698.666814
0.564042	63373.489501
0.652563	119375.794266
0.403006	311986.380705
0.649121	445438.394502
0.407178	288302.270243
0.387207	234244.493852
0.363298	585062.399285
0.592401	146793.371765
0.537645	134314.419681
0.600113	205923.895099
0.444683	155996.102625
0.652520	93733.204455
0.621652	233204.627817
0.385307	263709.240774
0.791236	63417.636745
0.696138	294592.072597
0.531796	369556.108627
0.618928	204192.678660
0.431418	402462.035050
0.358298	200858.134196
0.284654	115692.783392
0.720401	147290.271972
0.394995	252204.817930
0.601063	454929.798293
0.308087	177344.159034
0.440995	400489.736630
0.404958	39747.553824
0.278228	145155.743848
0.414798	407906.725851
0.321063	123412.964564
0.333009	114658.470906
0.488313	186841.904594
0.509126	534379.102867
0.530443	318068.005694
0.509794	496625.405561
0.337380	338379.583099
0.647997	195569.839493
0.669636	65899.874581
0.377452	318550.929740
0.358896	405199.518179
0.520576	179354.085971
0.520097	443152.438381
0.352181	157354.955793
0.385903	88149.032616
0.610548	111262.010399
0.244386	213870.609294
0.337759	342947.784043
0.584016	163346.376184
0.486014	204380.444604
0.209171	194026.543660
0.334676	27348.989973
0.483574	145952.600644
0.538395	248179.187507
0.181291	546268.320064
0.635164	164929.577680
0.741492	287920.539483
0.721504	99085.143015
0.355540	333349.386384
0.539754	59119.471707
0.421121	202450.010417
0.472374	307020.022068
0.382136	407176.495156
0.516214	134885.047367
0.462988	153759.924489
0.419679	304104.951935
0.329550	108987.232379
0.374793	592305.233985
0.638965	117504.413842
0.521364	68888.136886
0.708894	422700.631973
0.437539	126491.925824
0.467488	136406.184921
0.503111	92716.198636
0.284518	393581.099920
0.699508	256899.669807
0.689473	240802.294549
0.518772	217454.624311
0.553406	96086.900245
0.599587	126073.907947
0.294988	448612.278565
0.388136	87729.567720
0.439498	422083.454672
0.295293	272874.274518
0.359297	217821.256626
0.646102	150992.697954
0.367399	217829.601530
0.703250	118861.945168
0.437937	183597.887311
0.667106	110888.208752
0.774465	216003.670431
0.693681	489456.251698
0.532776	429767.167178
0.423996	262851.710477
0.531124	70182.251658
0.581792	259739.318200
0.717241	44979.032540
0.655469	358232.624800
0.511102	206223.129711
0.455976	287121.211214
0.425215	345350.913040
0.554793	395371.800514
0.717723	285891.322338
0.485440	86646.819289
0.731657	130520.415890
0.407497	249885.424956
0.559053	122916.683692
0.358731	249745.943448
0.584462	164441.425646
0.707914	397720.025058
0.839203	201934.378836
0.364928	197936.675925
0.439951	103021.992931
0.704137	189378.290484
0.360115	135362.354158
0.692827	272613.810113
0.418044	342493.297986
0.592792	139613.808538
0.472181	231100.925270
0.526152	217666.795508
0.358202	101373.644720
0.802930	216503.601645
0.402607	308864.655201
0.409535	173298.492902
0.522175	135722.284113
0.193015	116643.039059
0.413219	412473.469105
0.709663	344512.453729
0.396430	212529.290427
0.410361	296224.969425
0.319189	237906.055809
0.595288	167488.225787
0.809237	196317.484260
0.618850	287551.662771
0.691222	143031.607916
0.703919	358413.037757
0.547868	266015.405907
0.717339	303726.515213
0.651807	546983.035615
0.569013	423781.933714
0.339015	390116.824944
0.829665	402400.670694
0.443085	298140.600496
0.331817	401779.868064
0.729422	205943.979915
0.598820	287547.929225
0.621565	273056.779286
0.589281	369466.278073
0.523148	265144.161547
0.640638	138400.884298
0.694153	80706.678393
0.541212	42576.605573
0.367445	117896.544815
0.333677	126307.658783
0.492348	109885.317859
0.509955	334533.227348
0.539029	128548.264514
0.475639	244745.621801
0.546997	331906.122937
0.480287	420797.857459
0.480622	647992.240006
0.310170	206777.650159
0.546079	18217.536884
0.663936	193952.353210
0.511736	149312.310320
0.703225	100524.663475
0.506039	202570.891754
0.726632	426983.839350
0.708676	39888.195029
0.533715	138337.010026
0.483747	196396.142390
0.533842	92477.571099
0.537620	53011.511647
0.600788	109368.601079
0.720205	282375.795734
0.415192	526075.784352
0.313676	302943.901883
0.498585	274069.752157
0.689999	279582.109025
0.695903	130893.245993
0.338982	130237.243574
0.338149	83446.386522
0.476247	78558.859479
0.769273	407414.820697
0.707133	191661.295843
0.489933	274103.242519
0.319554	69831.520880
0.244453	184691.681664
0.407540	446656.485793
0.524308	455950.351459
0.486525	89404.265437
0.398205	384429.182736
0.462436	363805.783912
0.415270	129536.670765
0.357684	117256.557200
0.444147	157418.634108
0.642556	404589.713275
0.759295	232823.627377
0.658713	192125.640661
0.518794	324998.004880
0.553773	55176.812381
0.654672	151048.754745
0.585986	101190.494648
0.397628	257796.007661
0.592822	418415.295577
0.421846	108412.477682
0.460696	428061.968247
0.372365	334224.444902
0.323267	321757.223473
0.507953	33336.333261
0.339401	383059.503506
0.622572	390284.443371
0.559871	290514.454264
0.639149	226601.631300
0.393123	497013.381578
0.254192	260862.531941
0.739407	322130.918902
0.504521	425239.650774
0.347126	259422.426554
0.652288	177170.800812
0.494147	303083.461784
0.371165	310645.433501
0.422952	328080.086201
0.502053	262427.611712
0.393075	243732.467804
0.308765	118293.593911
0.381676	31947.208276
0.333733	159289.543067
0.560133	196310.859949
0.356929	321876.207957
0.535608	260588.303015
0.470718	472071.085874
0.414701	349325.652846
0.452498	196609.151091
0.482817	259853.620685
0.757433	120357.770337
0.266563	213380.098416
0.439124	348011.201437
0.546769	184531.493438
0.469650	408808.847501
0.730283	512231.429053
0.558756	265462.737400
0.603019	436051.373532
0.491432	323207.028928
0.296409	87801.073946
0.256403	342146.689492
0.377558	151044.209648
0.223697	289774.963018
0.286137	502243.956155
0.741743	296984.784362
0.622581	307108.782962
0.710156	254683.810852
0.660478	111619.638337
0.489329	237615.781064
0.871526	483121.975593
0.600592	53413.849883
0.567351	286803.100813
0.460938	405798.599477
0.418997	36223.696088
0.465502	118374.028589
0.588166	335719.877370
0.406255	332429.912640
0.615031	118527.824037
0.475406	395720.581221
0.459012	448933.162247
0.378318	133433.901010
0.672074	441463.854987
0.542655	265812.967720
0.419166	457944.992836
0.365626	336053.652784
0.335681	44275.155341
0.606684	513305.100585
0.512118	211445.031372
0.515394	297742.236174
0.261678	122643.942367
0.597784	231031.058114
0.314602	140302.046685
0.433877	137491.701489
0.375305	435179.643324
0.339810	226430.272947
0.579233	213652.898702
0.243682	35803.066492
0.410537	204888.142736
0.677113	242648.045688
0.759542	69213.443422
0.510579	339914.168495
0.450833	235711.156162
0.322862	30093.801095
0.437171	200557.527679
0.430734	69808.036050
0.497455	88723.585210
0.242583	421021.767850
0.557847	40452.379022
0.753296	132925.644841
0.402883	222786.682199
0.417728	170898.169358
0.691182	189308.708062
0.590650	129494.241275
0.519765	276556.978410
0.454605	144508.848996
0.625984	320754.908561
0.284486	69616.210095
0.563631	272429.625190
0.664891	292503.924781
0.646776	163312.985264
0.549437	286618.111125
0.252111	448792.120229
0.416704	234037.252714
0.521810	353305.578684
0.599090	65091.667661
0.465452	324109.215980
0.639133	345336.764862
0.600217	235242.305040
0.528812	97452.083596
0.592057	60345.615594
0.315192	218923.899651
0.305429	666109.173115
0.250204	292837.615255
0.609238	303648.233681
0.502069	364104.601448
0.674212	58402.154019
0.483146	180616.842352
0.585295	468071.007689
0.455261	102287.730120
0.646579	326366.545876
0.352951	144876.273060
0.425222	66883.343389
0.442784	197049.223961
0.265474	458739.750462
0.508981	225498.445359
0.781817	120367.084645
0.552289	234882.182826
0.817060	240868.501493
0.375787	301083.268242
0.330083	252950.783104
0.388400	177743.044998
0.781771	300926.651721
0.360808	164336.284394
0.748787	142831.047017
0.556627	160976.554955
0.630181	319449.014151
0.334273	235782.962547
0.385719	96461.067112
0.549412	56728.970716
0.662729	96037.568391
0.281568	167767.866403
0.619559	314445.985979
0.661771	271910.555704
0.653361	112818.287732
0.376967	306297.199316
0.441450	324660.786312
0.319208	314023.188794
0.626802	61883.301238
0.506288	308147.922577
0.500228	331821.173134
0.247731	148018.914012
0.657295	209450.942615
0.495604	83107.886891
0.325262	374338.495486
0.456530	88683.365078
0.520927	161981.603603
0.428007	247418.421335
0.382198	270791.509946
0.424148	511571.120149
0.665399	86993.452234
0.187082	190797.698169
0.759433	350297.390911
0.314588	552567.083053
0.507428	400404.857912
0.286599	114737.272801
0.524987	257558.221802
0.265988	549128.321129
0.579518	206026.463812
0.440344	131703.263860
0.721996	500953.666423
0.413650	452497.057308
0.240076	326514.912960
0.477945	97825.523646
0.417392	473812.978604
0.775931	261223.653889
0.606898	226996.098063
0.588372	556360.382895
0.412637	286183.768695
0.391262	366888.819745
0.348533	270689.708029
0.674919	249453.559138
0.411251	242493.507183
0.187656	371038.935920
0.728889	182142.604423
0.578659	95959.634364
0.406009	480645.453017
0.702380	214266.313590
0.630594	175123.271687
0.333990	111329.749886
0.534404	72879.136222
0.682214	349114.452764
0.539729	90456.322857
0.455776	313942.616571
0.409410	417740.498492
0.309117	102635.621874
0.807630	221056.665278
0.622879	281830.298644
0.495258	460617.285308
0.252371	559426.573960
0.432717	216651.483720
0.453812	151623.324929
0.207784	379390.962283
0.529334	104253.973202
0.522886	285525.042449
0.210984	517533.196407
0.499110	549118.281603
0.307160	92027.895225
0.420729	232071.733442
0.546932	214219.301661
0.566923	206982.716351
0.684443	384473.524581
0.835666	106589.777805
0.392395	290939.659341
0.248617	66242.450866
0.525413	380856.543972
0.625428	376378.109789
0.294881	352231.065019
0.588003	297599.051859
0.458758	418150.056045
0.661864	595416.719087
0.528333	149893.142332
0.493699	170236.846097
0.450906	328083.280131
0.311737	287551.265921
0.307348	357855.429903
0.468595	197215.201825
0.500990	164937.169950
0.603083	86284.457968
0.676320	120721.510096
0.800431	200830.311588
0.487925	77278.466141
0.777809	514269.533224
0.376441	399824.770546
0.491331	261430.826053
0.575837	248320.934377
0.334978	166975.320051
0.680392	75540.099157
0.667629	368354.979141
0.681175	265526.980402
0.455184	196901.773460
0.535595	463966.265576
0.493288	324822.443756
0.448803	440522.895165
0.477288	310901.499953
0.576713	225255.643036
0.465112	404226.396562
0.752392	132968.325630
0.656332	522641.894988
0.574940	281554.065789
0.595792	199213.384229
0.450571	282768.503733
0.220405	152715.341699
0.669064	383950.527933
0.653402	177511.692216
0.383382	238052.349506
0.578581	111809.920966
0.515197	124271.423388
0.380642	318404.442268
0.544380	151155.471656
0.227908	199555.898298
0.711229	259283.361109
0.701339	87352.665907
0.385925	348658.087356
0.592589	297464.813027
0.218066	434157.295164
0.379567	121795.176513
0.580431	320613.342237
0.530369	632055.811588
0.316316	360772.329145
0.559509	111740.605006
0.470790	413979.896318
0.577226	96961.378721
0.276638	304722.904998
0.507530	172179.767394
0.464814	89214.084773
0.479717	41814.673346
0.260725	117713.527225
0.546460	93438.804942
0.304151	175427.784510
0.321478	319785.801173
0.347057	167888.090452
0.514098	112883.651876
0.467835	191726.106499
0.651160	141068.815075
0.436533	281438.886350
0.514720	83918.102941
0.676299	380163.704534
0.612131	288113.404255
0.438143	444221.994964
0.464252	118546.958983
0.350651	333887.136125
0.589165	239503.110739
0.772831	141381.073077
0.555877	150997.864604
0.659198	58458.174910
0.651497	221019.011447
0.627909	98518.337608
0.452828	504422.187495
0.489271	347974.723940
0.564789	132609.432202
0.773879	362379.717268
0.506751	114131.016097
0.680144	271904.135540
0.388630	182805.711535
0.591719	313621.844516
0.853333	395906.543372
0.581712	401477.215613
0.452390	421556.857044
0.394861	125703.130591
0.735532	149685.837653
0.478386	476337.043699
0.357532	217432.565564
0.434314	82975.191560
0.362059	474679.744908
0.414675	221270.552263
0.465331	166741.374981
0.442694	406866.497501
0.331611	161508.365087
0.303085	519818.651447
0.349110	129467.469749
0.375295	204670.648842
0.318460	231262.320312
0.228740	301937.597405
0.547959	280753.343634
0.750218	205678.399405
0.669748	176118.578779
0.352563	371188.121002
0.695962	674245.921134
0.383279	82409.630161
0.276463	243260.081949
0.275334	194596.889492
0.611569	564695.225520
0.770308	402786.261394
0.655729	125240.117135
0.675244	182853.635577
0.700345	340729.661265
0.304214	211662.645171
0.438448	139655.819082
0.774314	116128.221877
0.556792	225483.307131
0.780155	204705.853824
0.614443	285673.542710
0.327915	187184.396681
0.680399	410678.002550
0.329470	71717.362102
0.640556	215428.445454
0.741078	336265.569573
0.707627	135564.241026
0.555066	128483.571409
0.444410	185884.870125
0.765997	278741.366083
0.232182	102464.264489
0.543609	234995.142298
0.675341	406321.125097
0.361864	69908.643128
0.724178	127242.189560
0.746609	78776.280167
0.820933	133708.006289
0.361855	294703.287710
0.738134	78963.499770
0.474732	336310.454218
0.428466	193743.474969
0.441224	306644.614727
0.481887	472358.838756
0.562296	268591.144941
0.540328	44846.943260
0.660624	315238.449013
0.281150	208722.018808
0.335319	700771.741227
0.688151	566206.342656
0.466400	52552.671704
0.574300	312525.993524
0.328264	124276.674391
0.361964	315790.990600
0.343888	119471.470842
0.591024	150565.704500
0.627408	204592.680502
0.370150	223403.560220
0.439853	276065.188281
0.396264	256550.932261
0.310854	136725.514397
0.360363	52445.698159
0.399031	235643.605326
0.832553	35278.534686
0.412981	354843.749612
0.721432	196899.080902
0.528571	532006.845826
0.461590	206590.501088
0.513650	66313.622511
0.484099	435005.655634
0.685393	300881.968922
0.364326	115763.849360
0.263762	48521.329045
0.617129	155855.822645
0.400611	400987.334911
0.599978	319156.880826
0.824754	201714.841173
0.287675	409596.989404
0.344201	137527.916216
0.545569	172203.492293
0.429589	216349.361469
0.433525	124336.179960
0.476814	199279.054729
0.711464	301310.557542
0.527305	84557.297408
0.556232	313173.349198
0.572240	155535.953449
0.501788	186865.802866
0.737271	216286.843819
0.357496	437559.674138
0.585671	137864.225434
0.685043	294409.929125
0.811476	100220.624168
0.583367	57040.204527
0.529812	315266.721544
0.693527	257444.898358
0.314186	297984.376717
0.282255	169398.663885
0.529291	401704.717805
0.473337	188259.116200
0.317295	290051.457436
0.827079	250320.746842
0.331343	76856.026880
0.793470	618536.762231
0.592919	193839.668767
0.478870	525780.339377
0.410970	255029.101383
0.493591	350849.180158
0.634542	440155.590987
0.480478	229938.931270
0.538313	180715.386719
0.636188	57182.137927
0.488090	212741.031073
0.800840	101195.623427
0.581025	139482.215893
0.358372	148209.069062
0.371228	334939.580242
0.626301	247236.236594
0.311537	309436.214589
0.888693	126632.048343
0.494211	71675.785216
0.318651	117780.301388
0.688073	472762.576149
0.559659	115310.282474
0.422840	269332.636160
0.387836	49485.101586
0.222949	119022.467533
0.314518	234313.434783
0.580585	431371.841999
0.372120	516870.332609
0.275227	522470.555518
0.668197	236143.127358
0.283509	246810.679184
0.339170	117261.038197
0.534433	34290.398074
0.419259	572227.592951
0.824128	221224.945558
0.657084	202330.381475
0.600188	98235.773846
0.345645	213858.518376
0.543866	125293.616471
0.679746	254310.527701
0.444516	290891.453832
0.334851	547809.391264
0.559681	96261.187625
0.377115	342164.434371
0.614403	230960.367364
0.761870	342061.190831
0.525158	174161.961276
0.711285	532309.655892
0.380732	83196.796968
0.325182	92599.265154
0.283402	161399.887956
0.441957	119348.701505
0.662872	243100.998137
0.240182	31081.856896
0.570962	184689.844221
0.381569	313772.246611
0.367337	255666.247680
0.278875	73496.219898
0.327120	172924.614042
0.354511	293685.140264
0.417859	258467.464081
0.293332	524169.839587
0.621562	55630.548198
0.471323	113119.956448
0.634527	142900.806662
0.315591	340638.100301
0.843748	281497.986310
0.629597	62614.801204
0.343496	320911.258001
0.680247	184965.512052
0.391356	174125.518734
0.555218	151065.043476
0.596801	152826.659106
0.811969	101699.289896
0.434913	505623.614913
0.408830	393176.484941
0.606479	103332.776704
0.460457	243808.585668
0.567267	116896.344043
0.467100	366191.368161
0.682892	82873.835617
0.409541	140496.820563
0.437714	31311.830677
0.614467	324819.750674
0.612648	204237.753132
0.375481	656376.826663
0.563795	544013.506792
0.303083	160305.035780
0.368979	225405.858248
0.607842	173945.836314
0.719730	309516.417464
0.556354	321971.387176
0.437187	616843.596838
0.650595	150887.014937
0.394707	63101.173422
0.652300	277067.160323
0.381511	313572.800379
0.360833	335896.102265
0.810441	328459.492363
0.764764	179998.989279
0.357144	254621.406920
0.414349	140975.081622
0.261232	83934.551603
0.321142	178913.197030
0.781673	168450.054820
0.453446	435905.500844
0.598831	266403.605518
0.802415	542783.811209
0.346996	397525.339384
0.382900	194153.733382
0.471590	192984.826795
0.681088	133394.149825
0.554988	261673.238740
0.474088	72101.781702
0.734005	174357.188962
0.471571	592370.524368
0.723870	441089.071046
0.547103	215658.548365
0.653015	124511.331741
0.809231	165415.489724
0.500120	354443.822787
0.442602	338723.109949
0.442448	14764.978401
0.432484	235284.291009
0.550261	196570.254715
0.710247	288387.380959
0.541826	473541.061247
0.482626	305160.158744
0.573669	255125.144356
0.704823	593259.005155
0.857444	288726.432094
0.717139	332979.126228
0.673381	137215.672602
0.480805	66541.125277
0.287987	391985.394715
0.638673	115386.283321
0.693460	27716.666051
0.259761	93837.742417
0.267446	211671.468222
0.377391	468481.237798
0.512292	145303.801647
0.336764	82196.298119
0.625812	52771.199259
0.280755	517300.155402
0.453285	234190.506547
0.566703	42721.929580
0.187676	281331.435345
0.351204	260110.661202
0.796095	377082.811304
0.608195	161388.125863
0.341889	527456.995936
0.513366	135062.986440
0.389242	224144.687007
0.554176	349344.614809
0.601438	96397.233680
0.498550	58193.054443
0.476402	273260.971344
0.304435	432612.367875
0.534813	313762.477405
0.462267	211787.458098
0.310559	344583.201007
0.462222	276275.196342
0.560370	264213.653543
0.673295	241736.941879
0.281490	329668.848373
0.558344	164689.450177
0.792928	63579.875781
0.704175	259816.759145
0.478173	121748.569454
0.406320	528994.215115
0.696514	152099.727996
0.731332	216869.410152
0.366665	294050.702631
0.487044	89892.560443
0.369481	245345.091861
0.826789	182497.644746
0.471173	472780.826178
0.803812	387170.117570
0.604093	295146.938331
0.665538	71337.357534
0.246997	226406.156655
0.441484	342153.758600
0.280212	106825.274561
0.525501	71149.599991
0.586496	67433.542379
0.619657	214386.289739
0.534473	337261.458670
0.211442	190262.812007
0.410195	389791.576437
0.606415	154139.735067
0.752725	502473.984575
0.452642	113536.596059
0.385922	61258.455981
0.590987	233004.401650
0.619995	529415.470610
0.316612	398533.551487
0.608810	419568.084922
0.354008	313184.638379
0.609614	178879.071935
0.797684	161500.208739
0.425341	346039.981798
0.427575	148826.245612
0.827005	227660.658952
0.695482	275095.682850
0.432903	375178.784760
0.351682	291209.183784
0.597004	105770.914865
0.301800	274564.045876
0.794702	336266.282377
0.369023	190788.366631
0.293517	211224.071413
0.366419	399320.204682
0.472127	309761.049774
0.460161	82690.312921
0.231264	219326.608674
0.469238	212111.667756
0.420378	253450.208543
0.537889	162855.964279
0.414292	473226.480828
0.419685	310233.100636
0.597132	229511.444738
0.418272	27357.666498
0.548569	135888.973123
0.520828	203508.093120
0.500950	181672.813879
0.498494	300644.698683
0.591403	344961.002508
0.422896	162444.753489
0.693907	188404.325276
0.776582	137880.135482
0.296240	77059.413126
0.658793	172168.701310
0.614634	278055.213944
0.734435	400357.081211
0.588645	244512.488148
0.757797	158944.228796
0.425112	215869.297205
0.246804	138974.125064
0.672547	126832.304829
0.427532	204727.148887
0.614056	97500.731701
0.521475	131598.362772
0.337271	292252.194720
0.360305	315229.126170
0.551041	343816.130384
0.260234	155372.242676
0.747157	147420.137518
0.351669	164731.626209
0.575693	548654.999934
0.677905	117603.361202
0.422888	298363.883714
0.578911	174807.048558
0.692796	567854.880168
0.559009	256200.139874
0.569182	196027.460610
0.506646	135745.484078
0.585270	340446.574985
0.722371	168931.655811
0.514185	174090.871494
0.473452	244200.052896
0.435583	157906.690268
0.701273	182764.106061
0.573159	329696.164597
0.351113	156931.653505
0.287590	81068.377612
0.609856	122044.072897
0.235832	253094.746684
0.688429	250513.530079
0.407471	280318.728263
0.665530	296192.939348
0.861815	77766.795898
0.253814	501145.661442
0.690817	26427.528248
0.376073	69405.457630
0.346513	569438.388783
0.402005	154758.500557
0.336297	327083.211173
0.321315	431540.046114
0.398574	71647.281624
0.358093	403737.420470
0.552002	308661.496078
0.266961	378088.068830
0.803912	395546.264156
0.457209	230071.700135
0.503336	114453.508220
0.662258	382850.084235
0.724925	78124.096853
0.587156	361850.422318
0.431903	116832.915551
0.215525	187515.736000
0.807282	36656.785196
0.651805	172658.411942
0.540044	185598.197545
0.713770	470597.667012
0.285893	328625.228654
0.498084	487718.673285
0.666022	313738.384408
0.559667	402514.378756
0.547234	184970.070170
0.263940	219134.506076
0.597752	364376.574314
0.444578	241977.669519
0.529762	116580.759196
0.436516	261509.343358
0.687098	372869.974775
0.654195	417702.682323
0.246696	209141.349420
0.694269	103300.377801
0.744069	239032.498721
0.484882	70850.143415
0.306400	368029.540138
0.584578	265870.875096
0.502689	168136.990731
0.493244	387619.958240
0.339839	110290.891222
0.877012	26155.229091
0.487025	435098.255585
0.533149	83344.947812
0.464800	467654.994502
0.618380	345728.044028
0.351969	435957.123229
0.336295	141255.747096
0.577822	200637.072571
0.357604	450260.091038
0.634248	259924.111840
0.266735	322089.276433
0.732935	237984.717721
0.504928	210557.712790
0.498359	111446.577812
0.745732	132834.720190
0.615415	235161.275583
0.324028	225871.970950
0.345073	230843.791459
0.469823	292263.995604
0.339215	167267.330506
0.669659	141806.369587
0.369622	329748.226885
0.323457	105486.250862
0.567611	479384.492067
0.622800	242586.726975
0.517023	415805.210246
0.853782	207313.269686
0.535603	347185.215241
0.440924	350696.238314
0.617352	240509.714471
0.698234	295225.681264
0.689994	109881.595527
0.656626	397679.880944
0.675576	292861.395570
0.485250	286099.563644
0.225080	306826.841332
0.754476	46169.833787
0.225416	80100.530933
0.597163	31249.798502
0.295879	295524.945813
0.316510	418523.721179
0.556738	276252.120937
0.451114	301480.860511
0.547794	155316.643114
0.665449	595536.729168
0.611560	336583.461690
0.246306	259215.512864
0.488357	522795.308986
0.330430	123633.464526
0.530478	318543.924776
0.436247	139338.344217
0.581810	39105.499151
0.475556	366090.287001
0.368155	273249.356263
0.558419	270424.394553
0.415639	83913.072930
0.634744	199788.398247
0.506703	110669.107007
0.443729	117324.897541
0.394958	231760.123180
0.445718	289298.934185
0.428930	219243.178469
0.546825	91147.205959
0.660394	287043.829910
0.438122	400418.780195
0.238183	224088.186890
0.497625	527741.255792
0.781808	354070.779727
0.257222	118136.382695
0.294482	355368.602484
0.478079	147036.581520
0.260069	440771.648578
0.323041	109929.004718
0.654035	479969.102794
0.845071	13813.900042
0.323551	241318.813782
0.622013	305944.552547
0.575791	133840.637971
0.507860	378600.877539
0.319556	214372.899578
0.482347	46614.803021
0.302635	162118.838006
0.658943	159803.583204
0.489609	141103.651084
0.286312	263366.431848
0.373413	264535.848659
0.560270	216273.795379
0.286675	230888.096170
0.785145	287575.045930
0.755202	202784.720630
0.635479	135122.163217
0.456704	507454.826626
0.639195	215468.506638
0.617148	304757.256251
0.327489	248735.229732
0.337922	231975.670141
0.574045	313369.491606
0.433695	508017.794626
0.768335	190407.869224
0.406156	101497.906542
0.750253	162523.327789
0.587471	154564.337796
0.503604	57160.831162
0.248832	115396.076407
0.581657	232706.997997
0.465960	150951.450904
0.700456	133483.877389
0.651526	115362.229483
0.235713	35525.719341
0.379565	148250.431283
0.554397	108494.957491
0.438345	317848.783423
0.723183	114991.649789
0.439024	310061.602890
0.491089	161377.699934
0.410829	312722.148353
0.769438	109378.479271
0.491073	184629.928292
0.442454	263877.450556
0.432882	312393.817572
0.716913	400720.997785
0.710713	191129.351200
0.280213	100468.900396
0.642170	207290.557041
0.425549	252180.068763
0.602124	181031.596770
0.582909	196856.251690
0.553823	283007.948065
0.578462	261822.417225
0.255334	140357.803211
0.348206	287017.802876
0.657182	261728.632354
0.494567	328022.534487
0.564825	76230.131173
0.714279	466723.978150
0.360705	105727.096636
0.379606	414483.781416
0.335360	134135.087859
0.507782	444692.099712
0.227308	291879.849970
0.649293	133876.803382
0.280785	139919.809195
0.184464	287855.368887
0.433338	248621.745332
0.588306	178686.484533
0.483252	515768.110872
0.523608	404430.014423
0.315499	42960.915800
0.548416	152575.978244
0.582954	479076.443560
0.786254	213303.118319
0.329401	96267.392278
0.524471	294656.955370
0.604920	199468.291942
0.326760	209088.224855
0.291743	235413.928357
0.757238	425071.940759
0.722370	238357.947300
0.683310	415372.584338
0.727850	159335.066382
0.879240	175146.255295
0.679153	461203.457001
0.401193	112450.164900
0.472427	254869.730205
0.478669	219732.769862
0.420235	163372.470141
0.609909	158283.077624
0.499847	279456.032984
0.883168	138552.782945
0.396767	349682.220871
0.491920	400373.666286
0.259178	359253.711878
0.596130	273608.621409
0.570176	401979.660711
0.474962	306890.603886
0.301463	309089.514027
0.749641	581011.256221
0.444368	342812.775104
0.644304	234150.629099
0.647085	166923.391899
0.315872	416752.781128
0.408041	304504.765394
0.687764	111013.042181
0.723367	452377.126261
0.501887	440278.529069
0.293538	169491.432682
0.740065	89897.903383
0.534989	348572.529574
0.622587	174195.942292
0.636472	191629.089916
0.770919	516321.159194
0.348769	161730.380213
0.608330	302568.428731
0.485025	299663.200722
0.342503	106951.362921
0.592181	405446.067137
0.752989	275894.889019
0.443301	85389.124911
0.282965	139327.228130
0.522002	91744.068853
0.506782	457493.990582
0.576385	227853.814060
0.348364	212292.488421
0.296982	358884.294125
0.670619	109103.711113
0.356764	215047.315587
0.803620	156282.092241
0.272633	374200.393613
0.404797	463699.252747
0.416897	267557.207170
0.346794	356378.141540
0.786609	390704.137597
0.573581	633092.256298
0.445902	396513.895005
0.500495	78574.264755
0.495422	241726.882802
0.699708	293355.584880
0.416898	135582.991849
0.340721	202678.241685
0.603023	536982.670061
0.441979	290396.797100
0.538710	326394.503194
0.376297	313144.087409
0.192881	549116.562772
0.590533	510713.862073
0.590795	275514.180444
0.483837	152924.012034
0.723029	410144.128490
0.226469	258641.900101
0.279854	199165.123053
0.511278	234809.615092
0.306184	110633.943215
0.681666	318653.998706
0.589431	495958.512677
0.676427	405915.560108
0.323776	284477.781966
0.498721	217594.345691
0.635250	177574.728632
0.830961	173093.400863
0.548922	131859.055347
0.555738	190640.659619
0.303006	62932.179708
0.586925	230193.912738
0.542923	178845.030136
0.208853	205480.523029
0.479321	325797.098770
0.787349	102086.550910
0.820850	193009.663962
0.316469	368684.886068
0.232240	158901.462813
0.696635	459377.240090
0.451911	342880.672003
0.428363	47228.745732
0.507364	67343.758973
0.365281	67159.252655
0.471619	287989.978971
0.720511	201686.166973
0.468040	124660.569876
0.307008	203531.488031
0.296937	377543.067443
0.380485	83635.835716
0.670106	372301.362273
0.682547	221150.057557
0.521366	94419.558443
0.796538	270459.245616
0.414058	142151.557214
0.565895	324124.319496
0.625714	110433.494209
0.451848	323375.174673
0.692281	119875.369659
0.640389	518485.358835
0.702397	126430.694795
0.588799	59940.563917
0.807366	211005.035013
0.301420	139346.614143
0.580331	131279.119071
0.387799	203605.855437
0.489266	416158.379094
0.523468	228610.063811
0.723266	229304.448908
0.667313	153397.204279
0.400925	305236.388897
0.415486	284839.062851
0.513441	153853.919669
0.666413	142604.331736
0.307147	537099.763744
0.679465	88397.933118
0.519642	191553.987873
0.772146	190369.278534
0.479080	363995.566375
0.410325	55932.428044
0.474507	355593.505407
0.564541	335500.699039
0.764798	253228.410990
0.617605	174649.407249
0.569220	123664.595160
0.505548	77339.652627
0.543391	171666.116671
0.562111	261367.779296
0.331088	158372.111607
0.263397	406564.560155
0.521082	274113.240321
0.425834	200736.742923
0.417529	187301.525352
0.618116	138614.362685
0.311837	342738.471737
0.338010	335138.173149
0.558741	348859.200805
0.515750	297261.696330
0.431757	44825.978726
0.566016	55899.847784
0.503070	173215.466795
0.303168	216808.843488
0.803172	278013.537201
0.510060	258540.599381
0.564899	226356.221309
0.288780	284359.968631
0.428018	220819.125055
0.693784	205441.879142
0.500698	90624.333126
0.592582	191562.565917
0.452915	107380.413838
0.417984	313864.256320
0.452987	124753.450348
0.319371	325394.022580
0.636885	37025.462025
0.669756	181295.032821
0.356246	241121.120954
0.314198	177356.912298
0.453176	89110.207087
0.233719	217526.529481
0.350925	77134.469970
0.543417	74484.055399
0.699064	272533.332415
0.528308	142669.356520
0.449912	112157.996180
0.763175	143712.300535
0.434147	306673.578423
0.436153	330253.976542
0.451926	289271.364832
0.354711	552459.482887
0.348121	251049.618668
0.736313	249916.648978
0.328656	630509.368277
0.297728	179216.077077
0.229467	36400.429659
0.589028	120400.947015
0.549516	181289.800355
0.733715	470361.108609
0.644955	186038.028879
0.632227	272113.143342
0.483059	244630.717936
0.634742	176602.402313
0.485307	247511.190889
0.597782	154535.382134
0.719256	79400.589473
0.686296	269541.759792
0.768892	303583.692921
0.620210	271874.681913
0.484558	212818.201409
0.646228	280030.401189
0.398375	181689.196616
0.501212	216634.690266
0.676648	105337.022795
0.591774	56990.607864
0.847307	265550.304528
0.375124	371893.498893
0.471937	180270.096961
0.808534	81055.702967
0.614500	335927.452759
0.309269	256221.660219
0.252250	300633.964340
0.557136	238522.309491
0.593795	92075.322747
0.661921	64826.737190
0.645686	232437.304349
0.507378	176598.066260
0.623214	511995.316786
0.689971	276445.115668
0.571285	34090.335849
0.647704	90234.287224
0.564792	102915.613831
0.713137	223011.982262
0.582090	282225.600368
0.375171	241406.540216
0.724726	343915.497106
0.202051	197144.234539
0.772203	330850.995522
0.318432	206852.593403
0.484587	198655.114507
0.325907	132041.682416
0.576378	341166.018148
0.566894	324496.801998
0.618286	235839.838772
0.762954	25280.984452
0.431081	181665.817404
0.648089	44465.579392
0.453023	151863.736537
0.598756	344634.731439
0.314349	239151.202254
0.725815	193972.775005
0.516834	214888.696495
0.550810	312905.302670
0.465817	356592.151166
0.499091	305465.645799
0.346845	289332.338766
0.576133	213953.304613
0.551437	324097.188813
0.667770	368450.550762
0.218062	197436.411522
0.374088	195890.361268
0.634001	518319.750540
0.848633	114951.231389
0.641240	314866.508700
0.386728	111439.202487
0.623301	126365.403678
0.670560	318693.407307
0.657720	384754.227547
0.537508	333578.389298
0.498747	107292.584566
0.620169	131764.498094
0.485126	234183.298431
0.215918	120484.845054
0.707978	260700.807988
0.369467	82372.609668
0.470933	497540.559612
0.566241	30835.597852
0.373052	126039.627178
0.780781	349448.314803
0.668978	280216.929540
0.481555	415367.515916
0.587058	77650.454508
0.555276	315927.066043
0.732319	117312.401999
0.458059	158434.008998
0.745427	31116.468283
0.523641	132151.690454
0.678979	125571.690977
0.586526	424079.726087
0.418281	363865.199230
0.427089	187169.445132
0.339144	72778.391422
0.467415	377019.305188
0.523241	247133.527718
0.590050	289408.685107
0.641498	85870.685625
0.423490	389842.635160
0.591040	121803.413432
0.574580	475377.924343
0.280890	51172.266834
0.522009	448335.081864
0.687427	287747.140595
0.622252	112292.588333
0.496722	425649.047196
0.346103	94113.655605
0.605133	122703.569597
0.608494	297725.493157
0.736439	360232.085192
0.252273	243775.752706
0.554465	359003.547090
0.432462	177654.417382
0.683503	126811.244489
0.389027	128762.445927
0.281235	281369.027913
0.587792	220350.176877
0.595354	263555.092785
0.631618	175478.891258
0.466495	158577.490145
0.294962	244702.284271
0.406212	374420.812228
0.295281	102195.667221
0.382998	47366.078054
0.423444	148676.905859
0.470917	316856.274336
0.294034	114657.015438
0.574196	381315.091689
0.522749	105698.082677
0.479716	165528.786337
0.721755	376041.972780
0.511578	51042.386474
0.777071	250347.577275
0.418215	421842.609109
0.579749	130488.185070
0.708321	378155.783823
0.703531	129672.525466
0.666604	192557.984384
0.589714	73950.163264
0.540836	316264.498457
0.597353	95921.378060
0.551394	228388.724982
0.443519	147673.753741
0.465409	241654.144032
0.407392	117780.401835
0.444802	43754.765718
0.422484	172501.610350
0.509281	166524.062841
0.473952	452215.252579
0.637805	365776.068830
0.516702	220269.844554
0.657766	247314.627275
0.504450	316658.619864
0.726575	130241.161000
0.473992	289781.947429
0.353537	468228.947342
0.578301	288337.545812
0.600006	277883.500292
0.859217	105710.743165
0.797664	128846.714567
0.382110	283059.827925
0.568022	365063.006438
0.366909	493913.620701
0.699376	354160.009627
0.661646	432173.702537
0.767861	142809.468740
0.690583	101431.622647
0.250147	402144.941296
0.488772	179075.998880
0.517971	120877.904332
0.789638	42264.088336
0.556619	93195.586027
0.380235	183045.436016
0.564006	230649.903413
0.489801	206830.016460
0.567781	114218.678050
0.596419	190841.166382
0.371853	218225.273349
0.532272	401585.256889
0.580942	183680.906376
0.451834	35889.047734
0.578179	145036.011297
0.482278	192625.280222
0.460187	472611.709167
0.656938	173949.729369
0.405165	44319.396514
0.279685	262447.612705
0.661699	117689.433740
0.485705	165487.569270
0.810672	172547.995142
0.495745	380757.900359
0.573428	164851.532414
0.285224	208738.197248
0.366259	356889.228914
0.721813	86087.648138
0.500033	339536.883230
0.588910	229988.739313
0.665625	616860.193263
0.845840	258134.209068
0.792656	222978.170683
0.549107	244497.706105
0.607997	294653.238867
0.373770	168966.802171
0.672533	534105.074516
0.483762	113113.545654
0.287934	416775.235552
0.695269	218870.827236
0.307138	385797.150881
0.658356	216798.707937
0.642307	171740.972043
0.579178	238125.821159
0.524792	58077.965633
0.512466	298699.165197
0.592346	345245.065377
0.426958	106285.814432
0.747435	258905.419152
0.639244	333454.958089
0.473704	211659.466795
0.344649	183222.162780
0.801381	196412.619307
0.403703	390823.521963
0.455078	151735.082783
0.241320	256276.240037
0.337558	179416.717954
0.267215	211943.468570
0.616863	97524.210865
0.799460	164929.635469
0.300837	105642.263031
0.330298	84732.276570
0.718966	155700.319748
0.378195	272449.744207
0.503854	461923.238979
0.706716	123738.762350
0.378229	340458.260735
0.459875	247066.292541
0.668149	331903.434425
0.620916	238027.275332
0.655302	182274.951510
0.611755	457927.191588
0.470942	248900.790389
0.567043	59456.576372
0.665131	396848.494508
0.437893	351087.046914
0.388094	302443.151726
0.771088	181781.372613
0.396562	229647.185417
0.333392	316973.090928
0.665271	170081.308286
0.516592	300656.524760
0.778633	163468.784134
0.346978	318157.261709
0.538540	470266.997442
0.395074	222324.317037
0.597344	115385.230369
0.293601	196949.419775
0.609604	435664.030204
0.667113	44831.197874
0.314915	45912.974734
0.388729	152615.005642
0.764450	161552.676122
0.305856	138101.500799
0.538525	103527.026945
0.625491	339492.678034
0.768665	100926.280041
0.777827	210978.386561
0.796696	50234.344547
0.525606	256469.424652
0.398822	373217.194037
0.734081	89286.320997
0.211646	169490.850454
0.490192	283276.068460
0.367637	434543.400367
0.272963	241583.304297
0.270156	257698.996147
0.608045	370845.966726
0.395188	148690.791719
0.519855	174242.707469
0.729328	519414.696528
0.412107	72639.208519
0.562734	215710.581697
0.341977	123675.951805
0.674159	244339.321344
0.469388	95118.720248
0.596836	361379.533108
0.657111	212565.387907
0.524598	186183.576753
0.727257	278938.138876
0.470084	509781.726020
0.500922	260331.894623
0.342254	221602.052005
0.302642	275179.092011
0.336363	208864.012389
0.702372	354996.920169
0.242883	97655.251923
0.326576	100978.185475
0.498635	324415.563294
0.310347	473664.086194
0.602631	148038.006837
0.335366	327671.646724
0.769526	279369.732202
0.512707	284689.217279
0.491123	294864.262808
0.678356	284453.854469
0.249015	186696.597151
0.809996	94634.832746
0.317625	207097.286995
0.611017	261318.844953
0.204899	350639.093518
0.249912	246795.431937
0.548725	107677.103501
0.723941	120933.889372
0.371010	33538.716875
0.569789	248253.862572
0.384115	366899.914319
0.782865	263143.210720
0.763218	342007.620850
0.690640	220586.162010
0.658716	137238.383961
0.744853	256585.847501
0.572788	96015.549983
0.631345	154716.433715
0.669222	449322.033659
0.311748	89383.427401
0.370649	335661.046528
0.623634	242406.577635
0.538854	125643.203004
0.340534	189967.327592
0.418877	309113.879282
0.775318	191923.832998
0.577183	139519.892052
0.769246	264778.633056
0.416889	64806.097930
0.514521	200127.897753
0.744904	363992.546202
0.389353	135650.601827
0.581917	38292.824054
0.599507	325490.208951
0.458890	350658.474350
0.502358	138219.454553
0.508286	134105.907905
0.379417	176948.425884
0.625297	232352.240369
0.406006	288241.453727
0.323840	391651.788220
0.727781	339414.616161
0.575394	246388.574687
0.306193	198237.986252
0.280842	77994.527560
0.228968	450734.690233
0.308088	286140.091819
0.593186	419225.468799
0.496409	258543.906956
0.455770	245546.398325
0.480231	373180.641701
0.619205	206395.037279
0.757578	151328.239864
0.315837	428577.615381
0.389317	228290.512316
0.696470	138582.397981
0.375471	187193.977372
0.696867	101596.440982
0.455555	62591.700055
0.647501	242948.680154
0.567943	146538.863259
0.325993	410195.743333
0.499171	306989.898694
0.490044	285115.193046
0.455959	404152.174565
0.746878	63442.402029
0.461418	91608.967567
0.564537	196365.109495
0.868264	400039.169945
0.302433	306856.594057
0.343907	339978.795574
0.511757	450429.849963
0.485062	134729.984741
0.545994	100252.651225
0.501440	109089.065592
0.323026	125642.819687
0.488238	187274.740750
0.818631	113083.567391
0.291797	130129.051918
0.402843	156466.947912
0.353549	30816.152456
0.714273	328162.429411
0.510351	45486.470062
0.552212	159483.728010
0.613321	160188.976692
0.825186	208338.870414
0.753173	253060.836234
0.262455	420191.937997
0.481531	144064.230736
0.400218	52882.492476
0.252468	176943.400675
0.596815	447660.645714
0.521873	59266.445751
0.692996	68477.679048
0.434132	73195.632526
0.739209	76678.343307
0.657929	81280.751558
0.285547	214106.790195
0.520830	304839.003759
0.565154	432896.410214
0.678502	165125.122388
0.508377	445999.703529
0.555509	250441.043688
0.558370	121426.542534
0.707890	80633.144297
0.470329	137799.666954
0.235431	97067.979443
0.534976	227326.272010
0.260410	368626.474272
0.636509	163856.514987
0.798208	326687.220379
0.472380	440964.648344
0.796867	325363.025483
0.605417	264252.295282
0.586159	308599.681896
0.596950	184069.905346
0.206821	283278.700960
0.417979	153522.164547
0.526271	172264.990952
0.716105	74372.525664
0.712787	187855.135018
0.663043	143219.862965
0.540499	232364.381396
0.419595	174565.083448
0.454597	129292.063361
0.733830	536870.824813
0.305570	290139.075201
0.493663	261945.654672
0.490650	343758.225605
0.565481	313946.474668
0.537724	362056.011379
0.314094	36951.842451
0.397683	44713.239873
0.690028	225782.055785
0.392585	347102.965630
0.584159	559865.787882
0.695560	387822.555340
0.436345	176257.593252
0.446943	364378.259235
0.625618	169360.218924
0.423592	275355.098725
0.615366	358552.609601
0.720079	108593.968200
0.475794	233472.521178
0.322401	323683.848456
0.450399	194520.034292
0.415421	85315.873751
0.443259	391260.281108
0.858778	340122.553049
0.384976	167754.098931
0.741434	216779.030729
0.524072	430670.264663
0.781604	54221.914153
0.539509	224900.707069
0.476014	176403.326541
0.477456	108284.160139
0.548145	70088.703783
0.325486	351660.559952
0.553253	518303.293510
0.460602	271792.100069
0.653580	380175.982977
0.601843	150169.288580
0.784278	139154.488886
0.388384	541995.631697
0.388083	50197.228902
0.598140	296705.488128
0.787052	209899.628732
0.763372	544107.242637
0.560713	230723.477214
0.658403	294359.387968
0.734463	208603.668849
0.555650	186599.333125
0.436865	324263.067024
0.429061	333655.320332
0.685606	112717.336663
0.452085	357417.971313
0.812766	357172.605552
0.634975	458562.785780
0.539766	201774.244992
0.564006	452195.286989
0.329658	72267.497611
0.606415	327208.474228
0.371839	267741.597625
0.535990	364090.591630
0.499477	386932.699722
0.430219	137266.540736
0.669397	146306.274277
0.186975	359801.510450
0.465404	104663.127628
0.523031	241907.225650
0.614183	156579.053749
0.335035	314126.243634
0.339611	459469.070476
0.445290	244101.569083
0.631762	286943.755871
0.387937	136468.548324
0.425232	178242.905308
0.793671	139790.973041
0.348934	206666.732872
